REGION	POS	REF	ALT	REF_DP	REF_RV	REF_QUAL	ALT_DP	ALT_RV	ALT_QUAL	ALT_FREQ	TOTAL_DP	PVAL	PASS	GFF_FEATURE	REF_CODON	REF_AA	ALT_CODON	ALT_AA	POS_AA
NC_001474.2	1533	G	C	0	0	0	106	49	40	1	106	5.55151e-63	TRUE	NA	NA	NA	NA	NA	NA
NC_001474.2	1536	G	A	0	0	0	115	53	40	1	115	2.2056e-68	TRUE	NA	NA	NA	NA	NA	NA
NC_001474.2	1543	A	G	0	0	0	129	58	40	1	129	8.70125e-77	TRUE	NA	NA	NA	NA	NA	NA
NC_001474.2	1545	T	C	0	0	0	138	63	40	1	138	3.43288e-82	TRUE	NA	NA	NA	NA	NA	NA
NC_001474.2	1566	G	A	0	0	0	288	129	40	1	288	2.43339e-172	TRUE	NA	NA	NA	NA	NA	NA
NC_001474.2	1584	G	A	0	0	0	365	171	40	1	365	1.19951e-218	TRUE	NA	NA	NA	NA	NA	NA
NC_001474.2	1588	T	C	0	0	0	369	173	40	1	369	4.71117e-221	TRUE	NA	NA	NA	NA	NA	NA
NC_001474.2	1590	A	G	0	0	0	384	180	40	1	384	4.47585e-230	TRUE	NA	NA	NA	NA	NA	NA
NC_001474.2	1597	T	C	0	0	0	436	208	40	1	436	2.35135e-261	TRUE	NA	NA	NA	NA	NA	NA
NC_001474.2	1608	G	A	0	0	0	494	234	40	1	494	3.01261e-296	TRUE	NA	NA	NA	NA	NA	NA
NC_001474.2	1620	G	A	0	0	0	562	267	40	1	562	0	TRUE	NA	NA	NA	NA	NA	NA
NC_001474.2	1674	G	A	0	0	0	544	258	40	1	544	0	TRUE	NA	NA	NA	NA	NA	NA
NC_001474.2	1683	T	C	0	0	0	507	243	40	1	507	4.54779e-304	TRUE	NA	NA	NA	NA	NA	NA
NC_001474.2	1692	T	C	0	0	0	464	228	40	1	464	3.36624e-278	TRUE	NA	NA	NA	NA	NA	NA
NC_001474.2	1707	A	G	0	0	0	390	199	40	1	390	1.10123e-233	TRUE	NA	NA	NA	NA	NA	NA
NC_001474.2	1719	C	T	0	0	0	328	166	40	1	328	2.14798e-196	TRUE	NA	NA	NA	NA	NA	NA
NC_001474.2	1728	T	C	0	0	0	268	131	40	1	268	2.58105e-160	TRUE	NA	NA	NA	NA	NA	NA
NC_001474.2	1737	C	T	0	0	0	230	111	40	1	230	1.80679e-137	TRUE	NA	NA	NA	NA	NA	NA
NC_001474.2	1740	A	G	0	0	0	212	103	40	1	212	1.19209e-126	TRUE	NA	NA	NA	NA	NA	NA
NC_001474.2	1749	A	G	0	0	0	223	112	40	1	223	2.91489e-133	TRUE	NA	NA	NA	NA	NA	NA
NC_001474.2	1767	A	G	0	0	0	110	57	40	1	110	2.209e-65	TRUE	NA	NA	NA	NA	NA	NA
NC_001474.2	1770	C	G	0	0	0	93	48	40	1	93	3.49021e-55	TRUE	NA	NA	NA	NA	NA	NA
NC_001474.2	1788	G	A	0	0	0	42	25	40	1	42	1.19125e-24	TRUE	NA	NA	NA	NA	NA	NA
NC_001474.2	1809	G	A	0	0	0	42	25	40	1	42	1.19125e-24	TRUE	NA	NA	NA	NA	NA	NA
NC_001474.2	1810	C	T	0	0	0	42	25	40	1	42	1.19125e-24	TRUE	NA	NA	NA	NA	NA	NA
NC_001474.2	1818	C	T	0	0	0	42	25	40	1	42	1.19125e-24	TRUE	NA	NA	NA	NA	NA	NA
NC_001474.2	1824	A	G	0	0	0	42	25	40	1	42	1.19125e-24	TRUE	NA	NA	NA	NA	NA	NA
NC_001474.2	1836	T	C	0	0	0	42	25	40	1	42	1.19125e-24	TRUE	NA	NA	NA	NA	NA	NA
NC_001474.2	1860	T	C	0	0	0	42	25	40	1	42	1.19125e-24	TRUE	NA	NA	NA	NA	NA	NA
NC_001474.2	2068	A	G	116	47	40	195	97	40	0.62701	311	3.32737e-79	TRUE	NA	NA	NA	NA	NA	NA
NC_001474.2	2082	A	G	0	0	0	426	208	40	1	426	2.43714e-255	TRUE	NA	NA	NA	NA	NA	NA
NC_001474.2	2085	G	A	281	147	40	161	68	40	0.364253	442	6.68853e-57	TRUE	NA	NA	NA	NA	NA	NA
NC_001474.2	2088	G	A	288	150	40	170	72	40	0.371179	458	3.04468e-60	TRUE	NA	NA	NA	NA	NA	NA
NC_001474.2	2091	A	G	214	94	40	288	150	40	0.573705	502	4.78925e-113	TRUE	NA	NA	NA	NA	NA	NA
NC_001474.2	2095	C	T	0	0	0	521	254	40	1	521	1.7174e-312	TRUE	NA	NA	NA	NA	NA	NA
NC_001474.2	2100	G	A	256	113	40	292	152	40	0.532847	548	5.86536e-112	TRUE	NA	NA	NA	NA	NA	NA
NC_001474.2	2103	C	T	0	0	0	274	120	40	0.475694	576	4.40082e-231	TRUE	NA	NA	NA	NA	NA	NA
NC_001474.2	2103	C	G	0	0	0	302	156	40	0.524306	576	2.03251e-244	TRUE	NA	NA	NA	NA	NA	NA
NC_001474.2	2106	C	T	286	124	40	315	161	40	0.524126	601	3.74233e-120	TRUE	NA	NA	NA	NA	NA	NA
NC_001474.2	2112	T	C	458	236	40	321	141	40	0.412067	779	1.72952e-115	TRUE	NA	NA	NA	NA	NA	NA
NC_001474.2	2127	T	C	561	292	40	392	172	40	0.411333	953	7.39172e-141	TRUE	NA	NA	NA	NA	NA	NA
NC_001474.2	2130	C	T	578	298	40	416	186	40	0.418511	994	5.59883e-150	TRUE	NA	NA	NA	NA	NA	NA
NC_001474.2	2142	T	A	608	309	40	485	222	40	0.443733	1093	5.40833e-177	TRUE	NA	NA	NA	NA	NA	NA
NC_001474.2	2160	G	A	0	0	0	1173	563	40	1	1173	0	TRUE	NA	NA	NA	NA	NA	NA
NC_001474.2	2166	G	A	608	309	40	584	262	40	0.489933	1192	3.21741e-218	TRUE	NA	NA	NA	NA	NA	NA
NC_001474.2	2175	C	T	635	285	40	629	323	40	0.497627	1264	5.71546e-236	TRUE	NA	NA	NA	NA	NA	NA
NC_001474.2	2179	T	C	654	293	40	658	339	40	0.501524	1312	2.39489e-247	TRUE	NA	NA	NA	NA	NA	NA
NC_001474.2	2181	A	G	678	348	40	659	296	40	0.492895	1337	1.43703e-246	TRUE	NA	NA	NA	NA	NA	NA
NC_001474.2	2193	C	T	621	285	40	714	371	40	0.534831	1335	2.36456e-273	TRUE	NA	NA	NA	NA	NA	NA
NC_001474.2	2208	C	T	708	362	40	578	265	40	0.449456	1286	1.90649e-211	TRUE	NA	NA	NA	NA	NA	NA
NC_001474.2	2209	T	C	0	0	0	1278	626	40	1	1278	0	TRUE	NA	NA	NA	NA	NA	NA
NC_001474.2	2220	G	A	542	249	40	679	343	40	0.556102	1221	3.69157e-263	TRUE	NA	NA	NA	NA	NA	NA
NC_001474.2	2223	T	C	0	0	0	1210	588	40	1	1210	0	TRUE	NA	NA	NA	NA	NA	NA
NC_001474.2	2229	T	A	698	348	40	502	229	40	0.418333	1200	7.48576e-181	TRUE	NA	NA	NA	NA	NA	NA
NC_001474.2	2250	A	G	0	0	0	1059	519	40	1	1059	0	TRUE	NA	NA	NA	NA	NA	NA
NC_001474.2	2253	C	T	0	0	0	1040	509	40	1	1040	0	TRUE	NA	NA	NA	NA	NA	NA
NC_001474.2	2268	T	C	311	143	40	649	321	40	0.676042	960	3.13908e-271	TRUE	NA	NA	NA	NA	NA	NA
NC_001474.2	2271	A	G	0	0	0	955	465	40	1	955	0	TRUE	NA	NA	NA	NA	NA	NA
NC_001474.2	2277	C	T	657	327	40	265	125	40	0.287419	922	4.27537e-90	TRUE	NA	NA	NA	NA	NA	NA
NC_001474.2	2283	T	C	224	101	40	618	313	40	0.733967	842	2.972e-269	TRUE	NA	NA	NA	NA	NA	NA
NC_001474.2	2286	G	A	213	94	40	610	310	40	0.741191	823	3.10703e-267	TRUE	NA	NA	NA	NA	NA	NA
NC_001474.2	2289	T	C	0	0	0	814	400	40	1	814	0	TRUE	NA	NA	NA	NA	NA	NA
NC_001474.2	2292	A	G	180	78	40	632	324	40	0.778325	812	3.91161e-285	TRUE	NA	NA	NA	NA	NA	NA
NC_001474.2	2298	T	C	164	73	40	700	365	40	0.810185	864	0	TRUE	NA	NA	NA	NA	NA	NA
NC_001474.2	2304	A	G	700	365	40	136	61	40	0.162679	836	3.15245e-44	TRUE	NA	NA	NA	NA	NA	NA
NC_001474.2	2312	T	C	700	365	40	102	49	40	0.127182	802	6.81483e-33	TRUE	NA	NA	NA	NA	NA	NA
NC_001474.2	2317	G	-TCA	782	404	40	9	0	20	0.011509	782	0.411376	FALSE	NA	NA	NA	NA	NA	NA
NC_001474.2	2319	C	T	700	365	40	56	31	40	0.0740741	756	3.56689e-18	TRUE	NA	NA	NA	NA	NA	NA
NC_001474.2	2322	T	C	697	360	40	43	23	40	0.0581081	740	6.24688e-14	TRUE	NA	NA	NA	NA	NA	NA
NC_001474.2	2343	T	C	537	278	40	8	5	40	0.0146789	545	0.00383465	TRUE	NA	NA	NA	NA	NA	NA
NC_001474.2	2349	C	T	0	0	0	522	273	40	1	522	4.29763e-313	TRUE	NA	NA	NA	NA	NA	NA
NC_001474.2	2355	C	A	485	256	40	8	5	40	0.0162272	493	0.00382711	TRUE	NA	NA	NA	NA	NA	NA
NC_001474.2	2367	G	A	8	5	40	392	212	40	0.98	400	1.8533e-223	TRUE	NA	NA	NA	NA	NA	NA
NC_001474.2	2368	A	T	0	0	0	397	214	40	1	397	6.78142e-238	TRUE	NA	NA	NA	NA	NA	NA
NC_001474.2	2379	G	A	353	192	40	8	5	40	0.0221607	361	0.00379821	TRUE	NA	NA	NA	NA	NA	NA
NC_001474.2	2385	A	G	8	5	40	276	150	40	0.971831	284	7.15961e-155	TRUE	NA	NA	NA	NA	NA	NA
NC_001474.2	2386	A	G	8	5	40	272	147	40	0.971429	280	1.62694e-152	TRUE	NA	NA	NA	NA	NA	NA
NC_001474.2	2388	T	C	0	0	0	280	152	40	1	280	1.57246e-167	TRUE	NA	NA	NA	NA	NA	NA
NC_001474.2	2397	G	A	258	139	40	8	5	40	0.0300752	266	0.00375972	TRUE	NA	NA	NA	NA	NA	NA
NC_001474.2	2400	T	C	0	0	0	247	131	40	1	247	1.08982e-147	TRUE	NA	NA	NA	NA	NA	NA
NC_001474.2	2409	C	T	188	101	40	8	5	40	0.0408163	196	0.00370755	TRUE	NA	NA	NA	NA	NA	NA
NC_001474.2	2410	A	G	8	5	40	182	98	40	0.957895	190	9.67281e-100	TRUE	NA	NA	NA	NA	NA	NA
NC_001474.2	4377	T	C	0	0	0	32	17	40	1	32	1.09133e-18	TRUE	NA	NA	NA	NA	NA	NA
NC_001474.2	4386	G	A	0	0	0	32	17	40	1	32	1.09133e-18	TRUE	NA	NA	NA	NA	NA	NA
NC_001474.2	4392	A	G	0	0	0	32	17	40	1	32	1.09133e-18	TRUE	NA	NA	NA	NA	NA	NA
NC_001474.2	4401	G	A	0	0	0	32	17	40	1	32	1.09133e-18	TRUE	NA	NA	NA	NA	NA	NA
NC_001474.2	4407	A	G	0	0	0	32	17	40	1	32	1.09133e-18	TRUE	NA	NA	NA	NA	NA	NA
NC_001474.2	4419	C	T	0	0	0	32	17	40	1	32	1.09133e-18	TRUE	NA	NA	NA	NA	NA	NA
NC_001474.2	4443	G	T	0	0	0	32	17	40	1	32	1.09133e-18	TRUE	NA	NA	NA	NA	NA	NA
NC_001474.2	4458	T	C	0	0	0	32	17	40	1	32	1.09133e-18	TRUE	NA	NA	NA	NA	NA	NA
NC_001474.2	4464	T	G	0	0	0	32	17	40	1	32	1.09133e-18	TRUE	NA	NA	NA	NA	NA	NA
NC_001474.2	4479	C	T	0	0	0	32	17	40	1	32	1.09133e-18	TRUE	NA	NA	NA	NA	NA	NA
NC_001474.2	4482	G	A	0	0	0	32	17	40	1	32	1.09133e-18	TRUE	NA	NA	NA	NA	NA	NA
NC_001474.2	5925	G	A	0	0	0	247	108	40	1	247	1.08982e-147	TRUE	NA	NA	NA	NA	NA	NA
NC_001474.2	5928	T	C	0	0	0	268	123	40	1	268	2.58105e-160	TRUE	NA	NA	NA	NA	NA	NA
NC_001474.2	5967	T	C	0	0	0	411	195	40	1	411	2.5704e-246	TRUE	NA	NA	NA	NA	NA	NA
NC_001474.2	5994	T	C	0	0	0	442	211	40	1	442	5.77993e-265	TRUE	NA	NA	NA	NA	NA	NA
NC_001474.2	6018	C	T	0	0	0	481	231	40	1	481	1.99496e-288	TRUE	NA	NA	NA	NA	NA	NA
NC_001474.2	6021	G	A	0	0	0	491	239	40	1	491	1.92221e-294	TRUE	NA	NA	NA	NA	NA	NA
NC_001474.2	6024	A	T	0	0	0	506	246	40	1	506	1.81732e-303	TRUE	NA	NA	NA	NA	NA	NA
NC_001474.2	6042	C	T	0	0	0	581	289	40	1	581	0	TRUE	NA	NA	NA	NA	NA	NA
NC_001474.2	6060	T	C	0	0	0	584	292	40	1	584	0	TRUE	NA	NA	NA	NA	NA	NA
NC_001474.2	6075	C	T	0	0	0	579	297	40	1	579	0	TRUE	NA	NA	NA	NA	NA	NA
NC_001474.2	6084	C	T	0	0	0	576	293	40	1	576	0	TRUE	NA	NA	NA	NA	NA	NA
NC_001474.2	6109	A	C	0	0	0	702	364	40	1	702	0	TRUE	NA	NA	NA	NA	NA	NA
NC_001474.2	6127	T	C	0	0	0	658	344	40	1	658	0	TRUE	NA	NA	NA	NA	NA	NA
NC_001474.2	6167	G	A	0	0	0	656	350	40	1	656	0	TRUE	NA	NA	NA	NA	NA	NA
NC_001474.2	6168	A	G	0	0	0	647	347	40	1	647	0	TRUE	NA	NA	NA	NA	NA	NA
NC_001474.2	6220	G	A	0	0	0	374	207	40	1	374	4.63179e-224	TRUE	NA	NA	NA	NA	NA	NA
NC_001474.2	6224	A	G	0	0	0	351	197	40	1	351	3.15759e-210	TRUE	NA	NA	NA	NA	NA	NA
NC_001474.2	6238	C	T	0	0	0	254	149	40	1	254	6.74524e-152	TRUE	NA	NA	NA	NA	NA	NA
NC_001474.2	6240	A	G	0	0	0	241	140	40	1	241	4.40941e-144	TRUE	NA	NA	NA	NA	NA	NA
NC_001474.2	6258	T	G	0	0	0	144	83	40	1	144	8.561e-86	TRUE	NA	NA	NA	NA	NA	NA
NC_001474.2	7824	A	G	0	0	0	5	2	40	1	5	0.00793651	TRUE	NA	NA	NA	NA	NA	NA
NC_001474.2	7869	C	T	0	0	0	100	46	40	1	100	2.20876e-59	TRUE	NA	NA	NA	NA	NA	NA
NC_001474.2	7876	C	T	0	0	0	100	46	40	1	100	2.20876e-59	TRUE	NA	NA	NA	NA	NA	NA
NC_001474.2	7878	A	G	0	0	0	100	46	40	1	100	2.20876e-59	TRUE	NA	NA	NA	NA	NA	NA
NC_001474.2	7884	A	G	0	0	0	100	46	40	1	100	2.20876e-59	TRUE	NA	NA	NA	NA	NA	NA
NC_001474.2	7908	C	T	0	0	0	100	46	40	1	100	2.20876e-59	TRUE	NA	NA	NA	NA	NA	NA
NC_001474.2	7941	G	A	0	0	0	100	46	40	1	100	2.20876e-59	TRUE	NA	NA	NA	NA	NA	NA
NC_001474.2	7944	T	C	0	0	0	100	46	40	1	100	2.20876e-59	TRUE	NA	NA	NA	NA	NA	NA
NC_001474.2	7945	C	T	0	0	0	100	46	40	1	100	2.20876e-59	TRUE	NA	NA	NA	NA	NA	NA
NC_001474.2	7947	T	A	0	0	0	100	46	40	1	100	2.20876e-59	TRUE	NA	NA	NA	NA	NA	NA
NC_001474.2	7950	A	G	0	0	0	100	46	40	1	100	2.20876e-59	TRUE	NA	NA	NA	NA	NA	NA
NC_001474.2	7953	T	C	0	0	0	100	46	40	1	100	2.20876e-59	TRUE	NA	NA	NA	NA	NA	NA
NC_001474.2	7974	C	T	0	0	0	72	36	40	1	72	1.35116e-42	TRUE	NA	NA	NA	NA	NA	NA
NC_001474.2	7977	G	A	0	0	0	54	30	40	1	54	8.04577e-32	TRUE	NA	NA	NA	NA	NA	NA
NC_001474.2	7983	A	G	0	0	0	36	21	40	1	36	4.51965e-21	TRUE	NA	NA	NA	NA	NA	NA
NC_001474.2	8424	G	A	0	0	0	7	3	40	1	7	0.000582751	TRUE	NA	NA	NA	NA	NA	NA
NC_001474.2	8475	G	A	0	0	0	305	164	40	1	305	1.45759e-182	TRUE	NA	NA	NA	NA	NA	NA
NC_001474.2	8481	A	T	0	0	0	342	178	40	1	342	8.17071e-205	TRUE	NA	NA	NA	NA	NA	NA
NC_001474.2	8500	A	G	0	0	0	466	246	40	1	466	2.10843e-279	TRUE	NA	NA	NA	NA	NA	NA
NC_001474.2	8508	G	A	0	0	0	524	279	40	1	524	2.69116e-314	TRUE	NA	NA	NA	NA	NA	NA
NC_001474.2	8532	C	G	0	0	0	691	362	40	1	691	0	TRUE	NA	NA	NA	NA	NA	NA
NC_001474.2	8547	G	A	0	0	0	780	405	40	1	780	0	TRUE	NA	NA	NA	NA	NA	NA
NC_001474.2	8572	G	A	0	0	0	951	494	40	1	951	0	TRUE	NA	NA	NA	NA	NA	NA
NC_001474.2	8595	A	T	0	0	0	940	484	40	1	940	0	TRUE	NA	NA	NA	NA	NA	NA
NC_001474.2	8686	C	T	0	0	0	992	509	40	1	992	0	TRUE	NA	NA	NA	NA	NA	NA
NC_001474.2	8697	A	C	0	0	0	966	505	40	1	966	0	TRUE	NA	NA	NA	NA	NA	NA
NC_001474.2	8700	A	G	0	0	0	964	505	40	1	964	0	TRUE	NA	NA	NA	NA	NA	NA
NC_001474.2	8706	G	A	0	0	0	990	516	40	1	990	0	TRUE	NA	NA	NA	NA	NA	NA
NC_001474.2	8722	T	C	0	0	0	978	505	40	1	978	0	TRUE	NA	NA	NA	NA	NA	NA
NC_001474.2	8742	C	T	0	0	0	1013	535	40	1	1013	0	TRUE	NA	NA	NA	NA	NA	NA
NC_001474.2	8751	C	T	0	0	0	1001	527	40	1	1001	0	TRUE	NA	NA	NA	NA	NA	NA
NC_001474.2	8754	C	T	0	0	0	998	522	40	1	998	0	TRUE	NA	NA	NA	NA	NA	NA
NC_001474.2	8847	T	C	0	0	0	947	481	40	1	947	0	TRUE	NA	NA	NA	NA	NA	NA
NC_001474.2	8961	A	G	0	0	0	514	268	40	1	514	2.79484e-308	TRUE	NA	NA	NA	NA	NA	NA
NC_001474.2	8997	C	T	0	0	0	502	264	40	1	502	4.63393e-301	TRUE	NA	NA	NA	NA	NA	NA
NC_001474.2	9015	C	G	0	0	0	470	250	40	1	470	8.27129e-282	TRUE	NA	NA	NA	NA	NA	NA
NC_001474.2	9018	C	T	0	0	0	469	249	40	1	469	3.305e-281	TRUE	NA	NA	NA	NA	NA	NA
NC_001474.2	9045	A	G	0	0	0	480	253	40	1	480	7.97155e-288	TRUE	NA	NA	NA	NA	NA	NA
NC_001474.2	9106	C	T	0	0	0	862	445	40	1	862	0	TRUE	NA	NA	NA	NA	NA	NA
NC_001474.2	9117	T	C	0	0	0	939	484	40	1	939	0	TRUE	NA	NA	NA	NA	NA	NA
NC_001474.2	9124	C	T	0	0	0	928	483	40	1	928	0	TRUE	NA	NA	NA	NA	NA	NA
NC_001474.2	9147	G	A	0	0	0	926	472	40	1	926	0	TRUE	NA	NA	NA	NA	NA	NA
NC_001474.2	9186	T	C	0	0	0	908	467	40	1	908	0	TRUE	NA	NA	NA	NA	NA	NA
NC_001474.2	9201	A	G	0	0	0	902	448	40	1	902	0	TRUE	NA	NA	NA	NA	NA	NA
NC_001474.2	9207	C	T	0	0	0	871	439	40	1	871	0	TRUE	NA	NA	NA	NA	NA	NA
NC_001474.2	9255	G	A	0	0	0	657	339	40	1	657	0	TRUE	NA	NA	NA	NA	NA	NA
NC_001474.2	9264	C	T	0	0	0	597	307	40	1	597	0	TRUE	NA	NA	NA	NA	NA	NA
NC_001474.2	9270	C	T	0	0	0	544	280	40	1	544	0	TRUE	NA	NA	NA	NA	NA	NA
NC_001474.2	9280	C	T	0	0	0	495	261	40	1	495	7.53913e-297	TRUE	NA	NA	NA	NA	NA	NA
NC_001474.2	9342	C	T	0	0	0	146	80	40	1	146	5.38759e-87	TRUE	NA	NA	NA	NA	NA	NA
NC_001474.2	9879	C	T	0	0	0	7	3	40	1	7	0.000582751	TRUE	NA	NA	NA	NA	NA	NA
NC_001474.2	9906	T	C	0	0	0	266	144	40	1	266	4.11426e-159	TRUE	NA	NA	NA	NA	NA	NA
NC_001474.2	9915	A	G	0	0	0	305	164	40	1	305	1.45759e-182	TRUE	NA	NA	NA	NA	NA	NA
NC_001474.2	9918	A	C	0	0	0	323	172	40	1	323	2.18272e-193	TRUE	NA	NA	NA	NA	NA	NA
NC_001474.2	9943	C	A	0	0	0	498	266	40	1	498	1.18155e-298	TRUE	NA	NA	NA	NA	NA	NA
NC_001474.2	9966	T	C	0	0	0	660	345	40	1	660	0	TRUE	NA	NA	NA	NA	NA	NA
NC_001474.2	10032	C	T	0	0	0	939	483	40	1	939	0	TRUE	NA	NA	NA	NA	NA	NA
NC_001474.2	10050	A	G	0	0	0	935	475	40	1	935	0	TRUE	NA	NA	NA	NA	NA	NA
NC_001474.2	10110	C	T	0	0	0	866	449	40	1	866	0	TRUE	NA	NA	NA	NA	NA	NA
NC_001474.2	10113	C	T	0	0	0	846	436	40	1	846	0	TRUE	NA	NA	NA	NA	NA	NA
NC_001474.2	10126	T	C	0	0	0	794	406	40	1	794	0	TRUE	NA	NA	NA	NA	NA	NA
NC_001474.2	10162	G	A	0	0	0	548	284	40	1	548	0	TRUE	NA	NA	NA	NA	NA	NA
NC_001474.2	10200	A	G	0	0	0	347	188	40	1	347	8.03728e-208	TRUE	NA	NA	NA	NA	NA	NA
