amplicon_number,count,proportion,primer_seq_x,primer_seq_y
1,7,0.7,CGTGGACCGACAAAGACAGA,TGACGATCATGTGTGGTTCTCC
2,6,0.6,GCTGAACATCTTGAACAGGAGAC,TGATGACATCCATGTTTCAGTTCG
3,9,0.9,ACGTCCACATGGGTAACTTATGG,TTTTTCGCCATCGTCGTCAC
4,10,1.0,TCACTCCTTCAATGACAATGCG,CCTTCCATGTTCTTTTTGCATGTGA
5,10,1.0,AGGACAAAAGGTTCGTCTGCAA,AACGGCAGGTCTAGGAACCATT
6,5,0.5,GGCCTCGACTTCAATGAGATGG,ACTATTGTTCCATGTTGTGTTTCTG
7,9,0.9,AGGAAACTTACTGTTCACAGGA,GTTGTCTCAAACATTTGGCCGA
8,4,0.4,AGAAGCAGAACCTCCATTCGGA,AGCTCACAACGCAACCACTATC
9,8,0.8,CACATGGATAGGAATGAACTCACG,TCGTTTTCCTGCCTGCATGATT
10,9,0.9,TGTGGAAACAAATAACACCAGAATTGA,TAACCCATATCGGCATGGACGG
11,7,0.7,CCCAACACAAACAGAGCTTGGA,AGTCCATCTCAAGCTTGCCTAG
12,10,1.0,GGACCAGTGTCACAGCACAA,CATGTTTCGTTCCTACTCGGGT
13,8,0.8,TACAGAGGTGAGGATGGATGCT,GGTGGTCATCATCAATTCCTTGG
14,9,0.9,TATCTTGCCCTACTAGCAGCCT,AAAATGGCTGTTGGATTGAGAC
15,10,1.0,ACTGGCAGTGGTGTCCGTTT,TCTTTATCGACATGCTGCCATCT
16,9,0.9,AGCAAGAAAAGGAGCTGGCC,CCCGTTGTTTCTTCACTTCCCA
17,9,0.9,TCAATACCAATCACGGCAGCAG,GGTTTCGTTTGGACGGCTCT
18,9,0.9,GGAAGCTAGAAGGAGAATGGAAGG,TTATGGCTTCTCTGACTATGGC
19,10,1.0,AGTGCTATAGCCCAGACTGAAAA,GTTGAGATGTATCCTCTAGCTGCT
20,10,1.0,ACCATGAGGCTGCTATCACCA,CACGAAGTCCCAATCATTGGTTC
21,9,0.9,TGGGTCACGGATTTTAAAGGGA,GTGCACAGTCTTCATCATTTTCCA
22,9,0.9,AGCACAAAGAAGAGGGAGAATAGG,TCCTTTCCCCTTCTTTTGTCCA
23,9,0.9,TGTGGACCTAATGAGAAGAGGAGA,CGGCAGTTCACTGAGAGCAT
24,9,0.9,AGGAATTTGCAGCTGGAAGAAA,GTTCTCTGTTTTTCTGGTTCTGG
25,10,1.0,GCACAAATACAACCACACTGGA,CCCATTAACACTGTGGCTTGGT
26,7,0.7,AGATCTACGTCCTGCATCAGC,TGCTTTTCAAACTTTGGATCATAGGGT
27,10,1.0,CGGGCATCATGAAAAACCCAAC,AATTCACTTTTCCCCAGTGCGT
28,10,1.0,CCGGAGCTGGACTTCTCTTTTC,ATGTTGACATGGGGATGGGTTC
29,10,1.0,GGGGCTGGTCATACTATTGTGG,ACCCAGTACATCTCATGTGTGGA
30,10,1.0,ACACCCAATTTTGCATAAAGGTTCT,TGTTTTGTTTCATAGCTGCCATGG
31,8,0.8,CAAGAGCATGAAACATCATGGCA,TGTTCTCATCAGTGAATATGGCCC
32,8,0.8,ACCCAAGAACCGAAAGAAGGC,TCATTCAAGAATCCTAGGGCTTCA
33,8,0.8,AAGGCAAAAGGCAGCAGAGC,CCTCTTTGGTCTCTTCTCGATATGA
34,8,0.8,ACAAACCACATGGAAGGAGAACA,AACCTTTCCCATGTCATTTAGAGC
35,9,0.9,TATCAAGAATGGCCATCAGTGG,GTTGTTCGACTTGTTGGAACCC
36,7,0.7,TGTACTTCCACAGACGTGACCT,CCTGCCTCTTCCTCTTCTCTTC
37,8,0.8,GTCAGATCCCTTATAGGCAATGAGG,TACAGCTTCATCTCACCTTGGG
