,amplicon_number,primer_start,primer_end,amplicon_length,primer_seq_x,primer_seq_y
0,1,0.0,0.0,0.0,CGTGGACCGACAAAGACAGA,TGACGATCATGTGTGGTTCTCC
1,10,0.0,0.0,0.0,TGTGGAAACAAATAACACCAGAATTGA,TAACCCATATCGGCATGGACGG
2,11,0.0,0.0,0.0,CCCAACACAAACAGAGCTTGGA,AGTCCATCTCAAGCTTGCCTAG
3,12,0.0,0.0,0.0,GGACCAGTGTCACAGCACAA,CATGTTTCGTTCCTACTCGGGT
4,13,0.0,0.0,0.0,TACAGAGGTGAGGATGGATGCT,GGTGGTCATCATCAATTCCTTGG
5,14,0.0,0.0,0.0,TATCTTGCCCTACTAGCAGCCT,AAAATGGCTGTTGGATTGAGAC
6,15,0.0,0.0,0.0,ACTGGCAGTGGTGTCCGTTT,TCTTTATCGACATGCTGCCATCT
7,16,0.0,0.0,0.0,AGCAAGAAAAGGAGCTGGCC,CCCGTTGTTTCTTCACTTCCCA
8,17,0.0,0.0,0.0,TCAATACCAATCACGGCAGCAG,GGTTTCGTTTGGACGGCTCT
9,18,0.0,0.0,0.0,GGAAGCTAGAAGGAGAATGGAAGG,TTATGGCTTCTCTGACTATGGC
10,19,0.0,0.0,0.0,AGTGCTATAGCCCAGACTGAAAA,GTTGAGATGTATCCTCTAGCTGCT
11,2,0.0,0.0,0.0,GCTGAACATCTTGAACAGGAGAC,TGATGACATCCATGTTTCAGTTCG
12,20,0.0,0.0,0.0,ACCATGAGGCTGCTATCACCA,CACGAAGTCCCAATCATTGGTTC
13,21,0.0,0.0,0.0,TGGGTCACGGATTTTAAAGGGA,GTGCACAGTCTTCATCATTTTCCA
14,22,0.0,0.0,0.0,AGCACAAAGAAGAGGGAGAATAGG,TCCTTTCCCCTTCTTTTGTCCA
15,23,0.0,0.0,0.0,TGTGGACCTAATGAGAAGAGGAGA,CGGCAGTTCACTGAGAGCAT
16,24,0.0,0.0,0.0,AGGAATTTGCAGCTGGAAGAAA,GTTCTCTGTTTTTCTGGTTCTGG
17,25,0.0,0.0,0.0,GCACAAATACAACCACACTGGA,CCCATTAACACTGTGGCTTGGT
18,26,0.0,0.0,0.0,AGATCTACGTCCTGCATCAGC,TGCTTTTCAAACTTTGGATCATAGGGT
19,27,0.0,0.0,0.0,CGGGCATCATGAAAAACCCAAC,AATTCACTTTTCCCCAGTGCGT
20,28,0.0,0.0,0.0,CCGGAGCTGGACTTCTCTTTTC,ATGTTGACATGGGGATGGGTTC
21,29,0.0,0.0,0.0,GGGGCTGGTCATACTATTGTGG,ACCCAGTACATCTCATGTGTGGA
22,3,0.0,0.0,0.0,ACGTCCACATGGGTAACTTATGG,TTTTTCGCCATCGTCGTCAC
23,30,0.0,0.0,0.0,ACACCCAATTTTGCATAAAGGTTCT,TGTTTTGTTTCATAGCTGCCATGG
24,31,0.0,0.0,0.0,CAAGAGCATGAAACATCATGGCA,TGTTCTCATCAGTGAATATGGCCC
25,32,8655.0,9026.0,371.0,ACCCAAGAACCGAAAGAAGGC,TCATTCAAGAATCCTAGGGCTTCA
26,33,0.0,0.0,0.0,AAGGCAAAAGGCAGCAGAGC,CCTCTTTGGTCTCTTCTCGATATGA
27,34,0.0,0.0,0.0,ACAAACCACATGGAAGGAGAACA,AACCTTTCCCATGTCATTTAGAGC
28,35,0.0,0.0,0.0,TATCAAGAATGGCCATCAGTGG,GTTGTTCGACTTGTTGGAACCC
29,36,9862.0,10237.0,375.0,TGTACTTCCACAGACGTGACCT,CCTGCCTCTTCCTCTTCTCTTC
30,37,0.0,0.0,0.0,GTCAGATCCCTTATAGGCAATGAGG,TACAGCTTCATCTCACCTTGGG
31,4,0.0,0.0,0.0,TCACTCCTTCAATGACAATGCG,CCTTCCATGTTCTTTTTGCATGTGA
32,5,0.0,0.0,0.0,AGGACAAAAGGTTCGTCTGCAA,AACGGCAGGTCTAGGAACCATT
33,6,1503.0,1873.0,370.0,GGCCTCGACTTCAATGAGATGG,ACTATTGTTCCATGTTGTGTTTCTG
34,7,0.0,0.0,0.0,AGGAAACTTACTGTTCACAGGA,GTTGTCTCAAACATTTGGCCGA
35,8,0.0,0.0,0.0,AGAAGCAGAACCTCCATTCGGA,AGCTCACAACGCAACCACTATC
36,9,2324.0,2705.0,381.0,CACATGGATAGGAATGAACTCACG,TCGTTTTCCTGCCTGCATGATT
