amplicon_number,count,ratio,primer_seq_x,primer_seq_y
1,8,0.8,ACGTGGACCGACAAGAACAG,ACTATCATGTGCGGCTCTCC
2,9,0.9,TGACCATGCTCCTTATGCTG,CAAGCGCCTTCAGAGGACAT
3,6,0.6,CACCGACGAGACAAACGTTC,AGGGTTTGTGACTTCCGTCTT
4,8,0.8,GGAAGTTGCGTCACCACCAT,CCATGTTCTGTGCTTTCATTTCC
5,9,0.9,AAACTGGAAGGAAAGATAGTTCAATATGA,AGTGTGCATTGCTCCTTCTTGT
6,7,0.7,TGCTGGTGACATTTAAGACAGC,TGTTGACTGGTTTTTCTTTGTCAGT
7,6,0.6,GAAGGAACAGATGCACCATGC,CCATGTCAGCAGAACCCCTATTCC
8,6,0.6,ACACCAGATTTTTGGAACTGCAT,TCATTTGATATTTGCTTCCACATGATGT
9,6,0.6,TGAAGTTCACACTTGGACAGAGC,ACTTCCCAAATGTTCCATGCTCT
10,7,0.7,GAAAAGCTGGGGAAAGGCTAAA,TGTGCTGAGATATTGGTCCTCC
11,8,0.8,CCCACACTCTATGGAGCAATGG,ACTTCCCCTGACCCTGCAGA
12,10,1,ACAGGAAAGATAATTCATGAATGGTG,AACATTGGTCTCATTTTAAAAGTGGC
13,8,0.8,TATGCATCATGGTTGGAGCCAA,TTTTTGGGAGGTCGTGGACAG
14,8,0.8,GCAATGGGCATTATGATTTTAAAAT,GCTATTAGCATGCCTCCAGCTA
15,9,0.9,ATCTGGGGAAGGAAAAGTTGGC,CCAGATCTCTGTTTCTTTTTCTGCC
16,9,0.9,AAGATAAAGGATGAAGAGAGAGATGACAC,TCTTCTCCCGTGTTCCAGGATC
17,10,1,TGTATCAAGGGAAGAGACTGGA,ATCCTGGATGTAGGTCCATTATTGT
18,9,0.9,GCTCAAGCTAAAGCATCACAAGA,TACCCTCTGGCCGCTATGCT
19,8,0.8,TCTCCCGTGAGAGTTCCCAA,GTGACGACGTAGTCCCAGTCGT
20,9,0.9,AAACGGGTGATTCAATTGAGCA,GCTCGAAGAGGGCTGGGATAAT
21,10,1,CACGCTCACTGGACAGAAGCA,TCTTCTTCCTGCTGCAAACTCT
22,8,0.8,CTGACAGAAGATGGTGCTTTGA,GTCACTCCACCAGTTAACACA
23,6,0.6,TCCGAACAAGGAGGAAGAGCC,CCCTAAGTCTTTCTTTGTGGTT
24,7,0.7,GCTGGCATATGTGGTGATAGGT,CATCAATACCGCCGCTGTCA
25,8,0.8,GGACATAGGAGTTCCACTTCTCG,GCTATCGTGGTGTTCCAAAATTT
26,8,0.8,ATGGGCCTTGTGCGAATCCATC,GGTTTCACAAGGTTCCTCTCCA
27,4,0.4,AAGAGGAGAAACAACCAAACATG,TTTCCTCTGAGCCATGGTTCCA
28,9,0.9,GTGTGATATTGGTGAGTCCTCTCC,TCTGGCCAATGATATCTAGGTTGG
29,8,0.8,ACAATGGCTCACAGGAAACC,CACTTGGCTGTCACCTCCAT
30,6,0.6,CTACACCCTTTGGACAACAGAG,GCTCCCAACCACATGTACCATA
31,7,0.7,TGTGTTTACAACATGATGGGGAA,TTTTTGCTGGTCTCTGTACCC
32,10,1,AGAATGAGGCCAAAATTACTGACA,TCAGAGCTGTTAAGGCTGTTGC
33,4,0.4,TGAAAAGAATGGCAATCAGCGG,AACTGGAACGGCTGAACAGAT
34,6,0.6,TATGCACAAATGTGGCAGCTGA,TCTTGAATCTCTTCATTGATGTCATGT
35,5,0.5,CTGGGCCACCAACATACAAGT,AGGGGTCTCCTCTAACCACTAG
